{
	"name": "jquery.mb.extruder",
	"title": "jQuery mb.extruder",
	"description": "This plugin lets you easily build a sliding panel for any kind of content; it has all the functionalities built-in for menu and sub-menu panels with an accordion effect, and you can get the content via ajax.",
	"keywords": [
		"menu",
		"ajax",
		"sliding",
		"panel"
	],
	"version": "2.5.5",
	"author": {
		"name": "Pupunzi (Matteo Bicocchi)",
		"email": "matteo@open-lab.com",
		"url": "http://pupunzi.com"
	},
	"maintainers": [
		{
			"name": "Pupunzi (Matteo Bicocchi)",
			"email": "matteo@open-lab.com",
			"url": "http://pupunzi.open-lab.com"
		}
	],
	"licenses": [
		{
			"type": "MIT",
			"url": "https://github.com/pupunzi/jquery.mb.extruder/blob/master/licenses/MIT-LICENSE.txt"
		},
		{
			"type": "GPL",
			"url": "https://github.com/pupunzi/jquery.mb.extruder/blob/master/licenses/GPL-LICENSE.txt"
		}
	],
	"bugs": "https://github.com/pupunzi/jquery.mb.extruder/issues",
	"homepage": "http://pupunzi.open-lab.com/mb-jquery-components/jquery-mb-extruder/",
	"demo": "http://pupunzi.com/#mb.components/mb.extruder/extruder.html",
	"docs": "https://github.com/pupunzi/jquery.mb.extruder/wiki",
	"download": "http://pupunzi.open-lab.com/mb-jquery-components/jquery-mb-extruder/",
	"dependencies": {
		"jquery": ">=1.8"
	}
}
